label,pred,prob,dialect,adv_pred,adv_prob
1,1,0.9581198724152064,SAE,1,0.9581198724152064
0,0,0.09899500087444234,SAE,0,0.09899500087444234
1,1,0.9061497623955612,AAE,1,0.9061497623955612
1,0,0.19101925503026326,SAE,0,0.19101925503026326
1,0,0.26671496599811956,SAE,0,0.26671496599811956
1,1,0.8683521592315788,SAE,1,0.8683521592315788
1,0,0.4892054067409328,SAE,0,0.4892054067409328
1,1,0.9738577452984871,SAE,1,0.9738577452984871
0,0,0.14580156671114722,SAE,0,0.14580156671114722
1,0,0.1959507689881848,SAE,0,0.1959507689881848
0,0,0.06937975154137527,SAE,0,0.06937975154137527
0,0,0.12972441687666758,SAE,0,0.12972441687666758
1,1,0.9161720407425211,AAE,1,0.9161720407425211
1,1,0.9880551381559085,SAE,1,0.9880551381559085
1,1,0.6076650182100221,SAE,1,0.6076650182100221
1,1,0.6080929023256604,SAE,1,0.6080929023256604
0,0,0.38370586554873076,SAE,0,0.38370586554873076
1,1,0.9776314276916384,AAE,1,0.9776314276916384
0,0,0.06667249949607616,SAE,0,0.06667249949607616
1,0,0.29869854937603313,AAE,0,0.29869854937603313
1,1,0.9635303742425365,SAE,1,0.9635303742425365
1,1,0.9746583742295856,AAE,1,0.9746583742295856
1,1,0.6592709687505054,SAE,1,0.6592709687505054
1,0,0.2711717915094913,SAE,0,0.2711717915094913
0,1,0.5319299602815191,SAE,1,0.5319299602815191
0,0,0.4423239282368972,SAE,0,0.4423239282368972
1,0,0.06321133419172854,SAE,0,0.06321133419172854
1,1,0.9273460588757053,SAE,1,0.9273460588757053
0,0,0.1595931175499606,SAE,0,0.1595931175499606
0,0,0.11864399915731477,SAE,0,0.11864399915731477
1,1,0.8550526149198573,SAE,1,0.8550526149198573
1,1,0.8950771553747987,SAE,1,0.8950771553747987
1,1,0.9620776456305439,SAE,1,0.9620776456305439
1,1,0.5366652015569744,AAE,1,0.5366652015569744
1,0,0.1947586540257638,SAE,0,0.1947586540257638
1,0,0.4171104213801042,SAE,0,0.4171104213801042
1,1,0.7978194716312519,SAE,1,0.7978194716312519
0,0,0.18691605413958817,SAE,0,0.18691605413958817
1,1,0.7650760059623692,AAE,1,0.7650760059623692
1,1,0.6017215615003119,SAE,1,0.6017215615003119
0,0,0.2605202272942347,SAE,0,0.2605202272942347
1,1,0.950948409839683,SAE,1,0.950948409839683
1,1,0.9351966353011274,SAE,1,0.9351966353011274
0,1,0.583064608668156,SAE,1,0.583064608668156
0,0,0.2623456002388404,SAE,0,0.2623456002388404
0,0,0.10233136881379577,SAE,0,0.10233136881379577
1,1,0.8868677212562207,AAE,1,0.8868677212562207
1,1,0.8763465361175186,AAE,1,0.8763465361175186
0,0,0.04560429069778973,SAE,0,0.04560429069778973
1,1,0.9565987992787551,SAE,1,0.9565987992787551
0,0,0.13190860335345586,SAE,0,0.13190860335345586
1,1,0.78434663996781,SAE,1,0.78434663996781
0,0,0.1625165581980804,SAE,0,0.1625165581980804
0,0,0.21202899820086027,SAE,0,0.21202899820086027
1,1,0.8962961658380427,SAE,1,0.8962961658380427
1,1,0.9462107089527146,SAE,1,0.9462107089527146
0,0,0.27407054335386827,SAE,0,0.27407054335386827
0,1,0.6180033097792608,SAE,1,0.6180033097792608
1,1,0.9663269001427837,SAE,1,0.9663269001427837
0,0,0.24434862892990822,SAE,0,0.24434862892990822
1,0,0.3375531364400728,SAE,0,0.3375531364400728
1,0,0.3292970651669947,SAE,0,0.3292970651669947
1,1,0.7950575048873897,SAE,1,0.7950575048873897
0,0,0.2916197454023244,SAE,0,0.2916197454023244
0,0,0.2245025105630996,AAE,0,0.2245025105630996
1,0,0.3021975384719626,SAE,0,0.3021975384719626
1,0,0.2385668137698596,SAE,0,0.2385668137698596
1,1,0.9325946884546482,SAE,1,0.9325946884546482
0,0,0.45577653017093117,SAE,0,0.45577653017093117
1,1,0.8142540807411717,SAE,1,0.8142540807411717
1,1,0.9795582610620889,AAE,1,0.9795582610620889
1,1,0.6443467697246256,SAE,1,0.6443467697246256
0,0,0.04953715124149997,SAE,0,0.04953715124149997
1,1,0.9410513194643125,AAE,1,0.9410513194643125
0,0,0.37323261109122163,SAE,0,0.37323261109122163
1,0,0.4504073770822912,SAE,0,0.4504073770822912
1,1,0.9534906761143077,SAE,1,0.9534906761143077
1,1,0.917473485527714,SAE,1,0.917473485527714
1,1,0.8444482029092203,AAE,1,0.8444482029092203
1,0,0.4324516779911726,SAE,0,0.4324516779911726
1,1,0.9460967265342354,AAE,1,0.9460967265342354
0,0,0.08191008570376082,SAE,0,0.08191008570376082
1,1,0.9493433335062459,AAE,1,0.9493433335062459
0,0,0.2703412902365076,SAE,0,0.2703412902365076
1,0,0.2420709174112734,SAE,0,0.2420709174112734
1,1,0.8977615339454844,SAE,1,0.8977615339454844
0,0,0.03315917364727323,SAE,0,0.03315917364727323
1,1,0.8054276589036776,AAE,1,0.8054276589036776
1,1,0.8810720864615436,SAE,1,0.8810720864615436
1,1,0.9379241438662023,AAE,1,0.9379241438662023
0,0,0.10736100734508587,SAE,0,0.10736100734508587
0,0,0.13398798140005486,SAE,0,0.13398798140005486
0,0,0.1673727329489742,SAE,0,0.1673727329489742
0,1,0.5088365546187623,SAE,1,0.5088365546187623
0,0,0.43083384882483333,SAE,0,0.43083384882483333
1,1,0.9233225147442289,SAE,1,0.9233225147442289
1,0,0.3829238486208999,SAE,0,0.3829238486208999
1,1,0.9228142578271068,AAE,1,0.9228142578271068
1,1,0.9257273612088209,AAE,1,0.9257273612088209
0,0,0.2056796087666201,SAE,0,0.2056796087666201
1,1,0.9577108898251997,SAE,1,0.9577108898251997
1,1,0.9729011650405232,SAE,1,0.9729011650405232
0,0,0.38443006542824354,SAE,0,0.38443006542824354
0,0,0.2979087618541867,SAE,0,0.2979087618541867
0,0,0.13684317376943275,SAE,0,0.13684317376943275
0,0,0.03413184781420235,SAE,0,0.03413184781420235
0,0,0.309956289560314,AAE,0,0.309956289560314
0,0,0.26782588825222786,SAE,0,0.26782588825222786
1,0,0.43565530276336345,AAE,0,0.43565530276336345
0,0,0.11978354077870547,SAE,0,0.11978354077870547
0,0,0.47704864912005335,SAE,0,0.47704864912005335
0,1,0.7895963336453032,AAE,1,0.7895963336453032
0,0,0.07661554840987725,SAE,0,0.07661554840987725
0,0,0.38960412078777235,SAE,0,0.38960412078777235
1,0,0.35704233571652455,SAE,0,0.35704233571652455
0,0,0.3164836692609739,SAE,0,0.3164836692609739
0,0,0.054834866595627016,SAE,0,0.054834866595627016
0,0,0.40051413039763006,SAE,0,0.40051413039763006
1,1,0.7121671456196894,SAE,1,0.7121671456196894
1,1,0.842563651400692,AAE,1,0.842563651400692
0,0,0.09572252166173607,SAE,0,0.09572252166173607
1,1,0.6562423072899068,SAE,1,0.6562423072899068
0,0,0.08574649407267297,SAE,0,0.08574649407267297
1,1,0.6640334100272843,SAE,1,0.6640334100272843
0,0,0.03357698847155829,SAE,0,0.03357698847155829
0,0,0.04459454368783679,SAE,0,0.04459454368783679
0,0,0.24227429898490022,SAE,0,0.24227429898490022
0,0,0.48548459090017937,SAE,0,0.48548459090017937
1,1,0.6862461198491653,SAE,1,0.6862461198491653
1,1,0.770262195909063,SAE,1,0.770262195909063
0,0,0.12091099381212272,SAE,0,0.12091099381212272
0,1,0.9182387055555217,SAE,1,0.9182387055555217
1,0,0.33969626665761415,AAE,0,0.33969626665761415
0,0,0.39089229774936507,SAE,0,0.39089229774936507
1,0,0.029796172277233357,SAE,0,0.029796172277233357
1,1,0.9251554603074555,SAE,1,0.9251554603074555
1,0,0.3130452590020815,SAE,0,0.3130452590020815
0,0,0.060316423718674364,SAE,0,0.060316423718674364
1,1,0.9298132510643974,SAE,1,0.9298132510643974
0,0,0.02174219257885915,SAE,0,0.02174219257885915
0,0,0.04967974549481128,SAE,0,0.04967974549481128
0,0,0.41741769158077885,SAE,0,0.41741769158077885
0,0,0.3162836209900905,SAE,0,0.3162836209900905
1,1,0.9648111187965246,AAE,1,0.9648111187965246
1,1,0.5679780543371833,SAE,1,0.5679780543371833
0,0,0.049094399531235525,SAE,0,0.049094399531235525
1,1,0.915796791695656,SAE,1,0.915796791695656
0,0,0.127715605917156,SAE,0,0.127715605917156
1,1,0.8749635712677062,SAE,1,0.8749635712677062
0,0,0.17973918053585897,SAE,0,0.17973918053585897
0,0,0.2866013635008091,SAE,0,0.2866013635008091
0,1,0.7405278651070615,SAE,1,0.7405278651070615
1,0,0.13796828696469363,SAE,0,0.13796828696469363
1,0,0.08637881729223207,AAE,0,0.08637881729223207
0,0,0.31366616668923686,SAE,0,0.31366616668923686
1,0,0.4380406858434359,SAE,0,0.4380406858434359
1,1,0.9779978284193722,SAE,1,0.9779978284193722
0,0,0.12952688501268345,SAE,0,0.12952688501268345
0,0,0.1882129085813358,SAE,0,0.1882129085813358
1,1,0.962540328040613,AAE,1,0.962540328040613
0,0,0.12864041080373986,SAE,0,0.12864041080373986
0,0,0.2091124506720203,SAE,0,0.2091124506720203
0,0,0.2404673544651025,SAE,0,0.2404673544651025
1,1,0.9346268060613997,SAE,1,0.9346268060613997
0,0,0.043492271925113346,SAE,0,0.043492271925113346
1,1,0.86927836374439,AAE,1,0.86927836374439
1,1,0.9839783207726549,SAE,1,0.9839783207726549
0,0,0.035270461524527015,SAE,0,0.035270461524527015
1,1,0.831947960058378,AAE,1,0.831947960058378
0,0,0.09239011710597053,SAE,0,0.09239011710597053
0,0,0.49487084077847154,SAE,0,0.49487084077847154
1,1,0.984327633042106,SAE,1,0.984327633042106
1,1,0.856924723806069,SAE,1,0.856924723806069
1,0,0.4982554687673262,AAE,0,0.4982554687673262
0,0,0.2506035894281096,SAE,0,0.2506035894281096
1,1,0.9873327270956463,AAE,1,0.9873327270956463
1,0,0.46591262114976645,SAE,0,0.46591262114976645
0,0,0.16803171694044905,SAE,0,0.16803171694044905
0,1,0.6424117291250184,AAE,1,0.6424117291250184
1,1,0.5871136744779812,SAE,1,0.5871136744779812
1,0,0.0493397292148273,SAE,0,0.0493397292148273
1,1,0.980472387434012,AAE,1,0.980472387434012
0,0,0.03658616863933003,SAE,0,0.03658616863933003
0,1,0.937557180209885,SAE,1,0.937557180209885
0,0,0.2538769856524194,SAE,0,0.2538769856524194
1,0,0.28504403376257176,SAE,0,0.28504403376257176
1,1,0.8413699025386544,SAE,1,0.8413699025386544
1,1,0.9520101457970422,SAE,1,0.9520101457970422
1,1,0.926292241193442,SAE,1,0.926292241193442
0,0,0.20292267246102022,SAE,0,0.20292267246102022
1,1,0.9294914411636193,AAE,1,0.9294914411636193
0,0,0.36128749627695983,SAE,0,0.36128749627695983
0,0,0.03425728945461612,SAE,0,0.03425728945461612
0,0,0.07961536910522633,SAE,0,0.07961536910522633
1,1,0.7187274152116813,SAE,1,0.7187274152116813
0,0,0.46261431705219636,SAE,0,0.46261431705219636
1,1,0.9656907874137015,SAE,1,0.9656907874137015
1,1,0.9704617073887063,SAE,1,0.9704617073887063
0,0,0.18165623551127588,SAE,0,0.18165623551127588
0,0,0.15109221693023353,SAE,0,0.15109221693023353
0,0,0.16469155789704557,SAE,0,0.16469155789704557
0,0,0.2297584972732038,SAE,0,0.2297584972732038
0,0,0.07859098896679219,SAE,0,0.07859098896679219
1,1,0.9548296149502276,SAE,1,0.9548296149502276
1,1,0.9759121055817587,AAE,1,0.9759121055817587
1,1,0.9131854191228868,SAE,1,0.9131854191228868
0,0,0.02539109178233579,SAE,0,0.02539109178233579
0,0,0.03093372322089735,SAE,0,0.03093372322089735
1,1,0.6028193608016682,SAE,1,0.6028193608016682
1,1,0.9538235959800226,AAE,1,0.9538235959800226
1,1,0.8961510453746595,SAE,1,0.8961510453746595
1,1,0.9609227575670048,SAE,1,0.9609227575670048
1,0,0.14717262691612676,SAE,0,0.14717262691612676
0,0,0.0883839699529771,SAE,0,0.0883839699529771
1,1,0.9449661953932867,SAE,1,0.9449661953932867
0,0,0.21498325186387798,SAE,0,0.21498325186387798
0,1,0.5720120905971543,AAE,1,0.5720120905971543
0,0,0.20007836709415847,SAE,0,0.20007836709415847
0,0,0.12510305260818566,SAE,0,0.12510305260818566
0,0,0.422426878409235,AAE,0,0.422426878409235
1,1,0.8616242424491827,SAE,1,0.8616242424491827
0,0,0.06846837798273561,SAE,0,0.06846837798273561
0,0,0.06490767250477904,SAE,0,0.06490767250477904
1,1,0.8245511282755271,SAE,1,0.8245511282755271
1,0,0.23268817213709422,SAE,0,0.23268817213709422
1,1,0.9278256144945457,AAE,1,0.9278256144945457
1,0,0.15093859000695325,SAE,0,0.15093859000695325
1,1,0.7256798961576002,SAE,1,0.7256798961576002
0,0,0.12202032594148864,SAE,0,0.12202032594148864
1,1,0.9798009642854995,AAE,1,0.9798009642854995
0,0,0.2562668856869651,SAE,0,0.2562668856869651
0,0,0.2664346582598964,SAE,0,0.2664346582598964
1,1,0.9269801031765493,SAE,1,0.9269801031765493
1,1,0.9426097072165959,SAE,1,0.9426097072165959
0,0,0.46159520165777695,SAE,0,0.46159520165777695
1,1,0.94052165608905,AAE,1,0.94052165608905
1,1,0.5201701221618972,SAE,1,0.5201701221618972
1,1,0.5791690268875304,SAE,1,0.5791690268875304
0,1,0.8956834730716972,SAE,1,0.8956834730716972
0,0,0.179366882245993,SAE,0,0.179366882245993
1,1,0.7796761972524001,AAE,1,0.7796761972524001
1,1,0.9721453215215791,AAE,1,0.9721453215215791
0,0,0.17350103546677398,SAE,0,0.17350103546677398
1,0,0.39274389158479694,SAE,0,0.39274389158479694
1,1,0.9255067853547705,SAE,1,0.9255067853547705
1,1,0.8501480153580632,AAE,1,0.8501480153580632
0,0,0.07897368009333237,SAE,0,0.07897368009333237
0,0,0.05150204517803803,SAE,0,0.05150204517803803
0,0,0.12207159799061358,SAE,0,0.12207159799061358
0,0,0.06219650680758079,SAE,0,0.06219650680758079
1,1,0.5909652913754251,SAE,1,0.5909652913754251
0,1,0.8527865444020357,SAE,1,0.8527865444020357
0,1,0.5320394093704497,SAE,1,0.5320394093704497
1,1,0.8366509286142494,SAE,1,0.8366509286142494
0,0,0.24034483359837186,SAE,0,0.24034483359837186
0,0,0.20969756059027006,AAE,0,0.20969756059027006
0,0,0.16970692385241368,SAE,0,0.16970692385241368
1,1,0.9162694197682785,AAE,1,0.9162694197682785
1,0,0.3123457018331056,SAE,0,0.3123457018331056
1,1,0.8650135968029028,SAE,1,0.8650135968029028
1,1,0.9442435725695036,SAE,1,0.9442435725695036
1,1,0.7976795594523062,AAE,1,0.7976795594523062
1,1,0.8232965557307063,AAE,1,0.8232965557307063
0,0,0.06516353931699684,SAE,0,0.06516353931699684
1,1,0.9502099958719489,SAE,1,0.9502099958719489
1,1,0.9026969110908316,SAE,1,0.9026969110908316
1,1,0.6042676341244753,SAE,1,0.6042676341244753
1,0,0.4137063910632732,SAE,0,0.4137063910632732
0,0,0.020697646418494215,SAE,0,0.020697646418494215
0,0,0.06731100165839886,SAE,0,0.06731100165839886
0,0,0.17049178709030524,SAE,0,0.17049178709030524
0,0,0.07712391842995715,SAE,0,0.07712391842995715
0,0,0.44411034112445497,SAE,0,0.44411034112445497
0,1,0.7597804835276545,SAE,1,0.7597804835276545
0,0,0.2196819825501873,SAE,0,0.2196819825501873
0,0,0.03178330549516088,SAE,0,0.03178330549516088
0,0,0.03634695604609448,SAE,0,0.03634695604609448
1,1,0.7905617813219036,SAE,1,0.7905617813219036
1,1,0.7644404525595484,SAE,1,0.7644404525595484
0,1,0.7199129804727228,SAE,1,0.7199129804727228
0,0,0.431850635302908,SAE,0,0.431850635302908
1,0,0.4564378322521571,AAE,0,0.4564378322521571
1,1,0.8553830836857912,SAE,1,0.8553830836857912
0,0,0.2736015664598713,SAE,0,0.2736015664598713
0,0,0.16860681598314847,SAE,0,0.16860681598314847
0,0,0.2132390689689859,SAE,0,0.2132390689689859
1,1,0.5002877830419098,SAE,1,0.5002877830419098
0,0,0.224395338943979,SAE,0,0.224395338943979
1,1,0.8559421693427449,AAE,1,0.8559421693427449
0,0,0.03647939216010461,SAE,0,0.03647939216010461
0,0,0.40982722988897335,SAE,0,0.40982722988897335
0,0,0.25240448637867896,SAE,0,0.25240448637867896
1,1,0.6578190058199075,SAE,1,0.6578190058199075
0,0,0.04314315282763797,SAE,0,0.04314315282763797
1,1,0.9522573875482279,AAE,1,0.9522573875482279
1,1,0.5889968447193539,SAE,1,0.5889968447193539
0,1,0.627408666629154,SAE,1,0.627408666629154
1,1,0.5777154436286668,SAE,1,0.5777154436286668
0,0,0.0714324533051633,SAE,0,0.0714324533051633
0,0,0.03698046301687103,SAE,0,0.03698046301687103
1,1,0.9612731008194053,AAE,1,0.9612731008194053
0,0,0.4780713877673372,AAE,0,0.4780713877673372
1,1,0.9786633166682345,SAE,1,0.9786633166682345
1,1,0.9021349093472861,SAE,1,0.9021349093472861
0,0,0.1770960101224585,SAE,0,0.1770960101224585
1,1,0.5764303335738273,SAE,1,0.5764303335738273
1,1,0.5426076711394447,SAE,1,0.5426076711394447
1,1,0.8836892882167726,SAE,1,0.8836892882167726
1,1,0.7474487588440537,SAE,1,0.7474487588440537
0,0,0.041251845230350644,SAE,0,0.041251845230350644
1,1,0.9519906706568912,AAE,1,0.9519906706568912
1,1,0.9796100910647109,AAE,1,0.9796100910647109
1,1,0.9316802072226386,SAE,1,0.9316802072226386
1,1,0.8640522747226409,SAE,1,0.8640522747226409
1,1,0.8615120893499649,AAE,1,0.8615120893499649
1,1,0.8372764242607089,SAE,1,0.8372764242607089
1,1,0.6009109522565101,SAE,1,0.6009109522565101
1,1,0.7817114650156779,SAE,1,0.7817114650156779
1,0,0.20778243038578487,SAE,0,0.20778243038578487
1,1,0.9552733785545197,AAE,1,0.9552733785545197
1,1,0.6113185815208781,SAE,1,0.6113185815208781
1,0,0.49924328631170944,AAE,0,0.49924328631170944
0,0,0.42315439339719446,SAE,0,0.42315439339719446
1,1,0.8150198327228875,AAE,1,0.8150198327228875
0,0,0.06980381156156241,SAE,0,0.06980381156156241
0,0,0.47820840146329824,SAE,0,0.47820840146329824
1,1,0.9249447915258049,SAE,1,0.9249447915258049
0,0,0.21486587215829947,SAE,0,0.21486587215829947
0,0,0.018751848990945452,SAE,0,0.018751848990945452
1,1,0.5861535769847438,SAE,1,0.5861535769847438
1,1,0.7400740789924364,SAE,1,0.7400740789924364
0,0,0.36507296806644884,SAE,0,0.36507296806644884
0,1,0.6449307944086164,SAE,1,0.6449307944086164
1,0,0.125547749914072,SAE,0,0.125547749914072
1,1,0.9083284762052054,SAE,1,0.9083284762052054
0,1,0.5394831721704866,SAE,1,0.5394831721704866
0,0,0.35385128408520317,SAE,0,0.35385128408520317
0,0,0.35298933377024516,SAE,0,0.35298933377024516
1,1,0.9652451707755918,SAE,1,0.9652451707755918
1,1,0.9646920224704071,SAE,1,0.9646920224704071
1,1,0.8752261821771213,SAE,1,0.8752261821771213
1,1,0.6766717117232446,AAE,1,0.6766717117232446
0,0,0.07826573350693601,SAE,0,0.07826573350693601
1,0,0.19193262808188458,SAE,0,0.19193262808188458
1,1,0.8153013065994478,SAE,1,0.8153013065994478
0,0,0.26340206812113276,SAE,0,0.26340206812113276
1,1,0.7483326732987271,SAE,1,0.7483326732987271
0,0,0.01613554844748883,SAE,0,0.01613554844748883
1,1,0.9596455811797683,SAE,1,0.9596455811797683
1,1,0.9824230067386791,SAE,1,0.9824230067386791
0,0,0.07311154282719921,SAE,0,0.07311154282719921
0,0,0.17524046692308715,SAE,0,0.17524046692308715
1,1,0.8861835916372677,SAE,1,0.8861835916372677
1,1,0.6339030051265038,SAE,1,0.6339030051265038
1,1,0.9742033374966511,AAE,1,0.9742033374966511
0,0,0.1102119209224761,SAE,0,0.1102119209224761
0,1,0.5150004600161283,SAE,1,0.5150004600161283
1,1,0.9415176226086223,AAE,1,0.9415176226086223
1,1,0.8190728363770877,SAE,1,0.8190728363770877
0,0,0.08712094544849859,SAE,0,0.08712094544849859
1,0,0.20815416649753166,SAE,0,0.20815416649753166
0,0,0.03157972780288882,SAE,0,0.03157972780288882
1,1,0.7625347086791521,SAE,1,0.7625347086791521
1,1,0.8449340686980179,SAE,1,0.8449340686980179
0,0,0.24110809527382052,SAE,0,0.24110809527382052
0,0,0.27342691081305753,SAE,0,0.27342691081305753
0,0,0.17564369336670882,SAE,0,0.17564369336670882
1,1,0.9245382805129321,AAE,1,0.9245382805129321
0,0,0.31438251488559743,SAE,0,0.31438251488559743
0,0,0.05160638591061234,AAE,0,0.05160638591061234
1,1,0.5132863869978197,AAE,1,0.5132863869978197
1,0,0.1518671245171905,SAE,0,0.1518671245171905
1,1,0.9385754367899725,SAE,1,0.9385754367899725
0,0,0.12339708257487507,SAE,0,0.12339708257487507
0,0,0.14202471766394942,SAE,0,0.14202471766394942
1,1,0.7789483447385968,AAE,1,0.7789483447385968
1,1,0.9369829599451766,AAE,1,0.9369829599451766
0,0,0.06254539885195445,SAE,0,0.06254539885195445
1,0,0.36471671876454137,SAE,0,0.36471671876454137
0,0,0.04583866055719661,SAE,0,0.04583866055719661
1,1,0.716335152583038,SAE,1,0.716335152583038
0,0,0.4126494544891694,SAE,0,0.4126494544891694
1,1,0.8690998653396601,SAE,1,0.8690998653396601
1,0,0.2957608329852268,SAE,0,0.2957608329852268
1,1,0.9148400771024127,SAE,1,0.9148400771024127
0,0,0.07486542687808122,SAE,0,0.07486542687808122
1,1,0.9899128093720935,SAE,1,0.9899128093720935
1,1,0.9772418117806593,AAE,1,0.9772418117806593
0,0,0.11592003970623939,SAE,0,0.11592003970623939
0,0,0.36208618262708486,SAE,0,0.36208618262708486
0,0,0.12957889741788384,SAE,0,0.12957889741788384
1,0,0.3272835852302246,SAE,0,0.3272835852302246
1,1,0.7752848608858873,SAE,1,0.7752848608858873
0,1,0.8911169335942994,SAE,1,0.8911169335942994
1,1,0.7405755404094718,SAE,1,0.7405755404094718
0,0,0.2909669776386589,SAE,0,0.2909669776386589
1,1,0.9287792387872457,SAE,1,0.9287792387872457
0,0,0.1481780295043275,SAE,0,0.1481780295043275
0,0,0.05895674455655786,SAE,0,0.05895674455655786
0,0,0.48792605837715197,SAE,0,0.48792605837715197
0,0,0.10852731760721859,SAE,0,0.10852731760721859
0,0,0.25888957112134786,SAE,0,0.25888957112134786
1,1,0.6398638142848303,SAE,1,0.6398638142848303
1,1,0.7671208720965116,SAE,1,0.7671208720965116
0,0,0.1636719120082878,SAE,0,0.1636719120082878
1,0,0.16385084545837134,SAE,0,0.16385084545837134
0,0,0.06438405717308548,SAE,0,0.06438405717308548
0,1,0.5451229156870837,SAE,1,0.5451229156870837
0,1,0.8188331693423146,SAE,1,0.8188331693423146
1,1,0.9133016570044145,SAE,1,0.9133016570044145
0,0,0.029956092764594273,SAE,0,0.029956092764594273
0,0,0.20456852255979435,SAE,0,0.20456852255979435
0,0,0.2537376151543101,SAE,0,0.2537376151543101
1,1,0.9802404108748027,AAE,1,0.9802404108748027
0,1,0.5595956424286193,SAE,1,0.5595956424286193
1,1,0.682922800422601,AAE,1,0.682922800422601
1,1,0.6772955214381846,SAE,1,0.6772955214381846
1,1,0.502746560895192,SAE,1,0.502746560895192
1,1,0.8926231851153439,AAE,1,0.8926231851153439
0,0,0.3381223090484135,SAE,0,0.3381223090484135
1,1,0.9607917663511352,SAE,1,0.9607917663511352
1,1,0.9001621836727217,AAE,1,0.9001621836727217
1,1,0.8523515328213999,AAE,1,0.8523515328213999
1,1,0.7873390506470754,SAE,1,0.7873390506470754
0,0,0.09829181794036154,SAE,0,0.09829181794036154
0,0,0.22778874079864514,AAE,0,0.22778874079864514
0,0,0.06507982961693624,SAE,0,0.06507982961693624
0,1,0.5428134585323152,SAE,1,0.5428134585323152
0,0,0.2555967911298886,SAE,0,0.2555967911298886
0,1,0.7413730893569337,SAE,1,0.7413730893569337
0,0,0.041251845230350644,SAE,0,0.041251845230350644
1,1,0.8440589216580726,AAE,1,0.8440589216580726
1,1,0.9377492750350293,AAE,1,0.9377492750350293
1,1,0.7634838720483008,SAE,1,0.7634838720483008
0,0,0.2388650268316071,SAE,0,0.2388650268316071
0,1,0.5375149507642716,SAE,1,0.5375149507642716
0,0,0.08107371489901588,SAE,0,0.08107371489901588
1,1,0.9604527116314424,SAE,1,0.9604527116314424
0,1,0.62288104929674,SAE,1,0.62288104929674
0,0,0.4259618479993675,SAE,0,0.4259618479993675
0,0,0.05001508713306517,SAE,0,0.05001508713306517
1,1,0.9097562139924183,SAE,1,0.9097562139924183
1,1,0.7898666861921437,SAE,1,0.7898666861921437
0,0,0.15556866858326832,SAE,0,0.15556866858326832
1,1,0.9185517414945222,AAE,1,0.9185517414945222
0,0,0.3458324625463129,SAE,0,0.3458324625463129
1,0,0.2999838486181643,SAE,0,0.2999838486181643
0,0,0.21695945588927684,SAE,0,0.21695945588927684
0,0,0.48644155867551636,SAE,0,0.48644155867551636
0,0,0.027610081502691192,SAE,0,0.027610081502691192
1,1,0.9914973696864953,AAE,1,0.9914973696864953
1,1,0.7354899496435191,AAE,1,0.7354899496435191
1,1,0.8765661382967521,SAE,1,0.8765661382967521
1,1,0.9579022547306274,AAE,1,0.9579022547306274
0,0,0.21147507122460468,SAE,0,0.21147507122460468
1,1,0.752565317237303,AAE,1,0.752565317237303
0,0,0.03962349679053999,SAE,0,0.03962349679053999
0,0,0.17065362894470426,SAE,0,0.17065362894470426
0,0,0.2513335508291439,SAE,0,0.2513335508291439
0,0,0.17780595052689885,SAE,0,0.17780595052689885
1,1,0.9590709882813939,SAE,1,0.9590709882813939
1,1,0.9635738678194448,SAE,1,0.9635738678194448
0,0,0.1336742553522944,SAE,0,0.1336742553522944
1,1,0.9565689011159887,SAE,1,0.9565689011159887
1,1,0.937387029256522,SAE,1,0.937387029256522
1,1,0.7902451488293901,SAE,1,0.7902451488293901
1,1,0.9554646875030928,AAE,1,0.9554646875030928
0,0,0.06365428786529616,SAE,0,0.06365428786529616
1,1,0.9722518722926903,AAE,1,0.9722518722926903
0,1,0.7069644355233684,SAE,1,0.7069644355233684
1,1,0.9275637664241062,SAE,1,0.9275637664241062
0,0,0.13666682553116816,SAE,0,0.13666682553116816
0,0,0.3903067205085821,SAE,0,0.3903067205085821
0,0,0.059866436157589235,SAE,0,0.059866436157589235
1,0,0.27471648271645316,AAE,0,0.27471648271645316
0,0,0.05661086290453743,SAE,0,0.05661086290453743
1,1,0.8604673890893827,AAE,1,0.8604673890893827
0,0,0.33127763353143136,SAE,0,0.33127763353143136
0,0,0.07759177616734153,SAE,0,0.07759177616734153
1,1,0.9152812208758252,SAE,1,0.9152812208758252
0,0,0.08645438328493942,SAE,0,0.08645438328493942
0,0,0.043547973174287276,SAE,0,0.043547973174287276
1,1,0.7244462963659984,AAE,1,0.7244462963659984
0,0,0.3444220071853707,SAE,0,0.3444220071853707
1,1,0.9597237540335741,SAE,1,0.9597237540335741
1,1,0.9604929465010038,SAE,1,0.9604929465010038
1,1,0.9625115243457503,AAE,1,0.9625115243457503
0,0,0.11353322005435026,SAE,0,0.11353322005435026
1,1,0.6299303504261384,AAE,1,0.6299303504261384
0,0,0.026897841416415984,SAE,0,0.026897841416415984
1,1,0.94505066155697,SAE,1,0.94505066155697
1,1,0.6791364358839724,SAE,1,0.6791364358839724
0,0,0.17473506652998066,SAE,0,0.17473506652998066
0,0,0.25773269025400675,SAE,0,0.25773269025400675
1,1,0.9060948809903558,SAE,1,0.9060948809903558
1,1,0.7428571286062611,SAE,1,0.7428571286062611
1,1,0.5537004040945198,AAE,1,0.5537004040945198
0,0,0.09690970459727882,SAE,0,0.09690970459727882
1,0,0.12019316381721411,SAE,0,0.12019316381721411
0,0,0.06161752206741375,SAE,0,0.06161752206741375
1,1,0.7240755404575965,SAE,1,0.7240755404575965
1,1,0.959347698206429,AAE,1,0.959347698206429
1,1,0.9621266231760055,SAE,1,0.9621266231760055
1,1,0.8957067553180461,SAE,1,0.8957067553180461
0,1,0.8486331521379138,SAE,1,0.8486331521379138
0,0,0.10142316821670776,SAE,0,0.10142316821670776
1,1,0.702704181289119,SAE,1,0.702704181289119
1,1,0.9667833248856522,AAE,1,0.9667833248856522
0,1,0.5190600620662758,SAE,1,0.5190600620662758
1,1,0.9671842735376103,SAE,1,0.9671842735376103
0,0,0.1270049769870503,SAE,0,0.1270049769870503
0,0,0.040453728679346386,SAE,0,0.040453728679346386
1,0,0.11619594583701442,SAE,0,0.11619594583701442
1,1,0.8587881102410013,SAE,1,0.8587881102410013
1,1,0.9162295156086896,SAE,1,0.9162295156086896
0,0,0.1146441835538318,SAE,0,0.1146441835538318
0,1,0.8129442912328215,SAE,1,0.8129442912328215
0,0,0.11497445929531107,SAE,0,0.11497445929531107
1,1,0.9570162647370277,SAE,1,0.9570162647370277
0,1,0.6046018004991891,SAE,1,0.6046018004991891
1,1,0.7398095553934034,AAE,1,0.7398095553934034
1,1,0.9444241659903312,SAE,1,0.9444241659903312
1,1,0.9675771752964583,AAE,1,0.9675771752964583
0,1,0.5403069748065129,SAE,1,0.5403069748065129
1,1,0.9133965570058741,SAE,1,0.9133965570058741
0,0,0.07971995144685062,AAE,0,0.07971995144685062
1,1,0.8768345800857268,SAE,1,0.8768345800857268
1,0,0.4945505572482408,SAE,0,0.4945505572482408
1,1,0.9776053857571461,AAE,1,0.9776053857571461
1,0,0.4901541976587875,AAE,0,0.4901541976587875
1,0,0.49206445591797965,SAE,0,0.49206445591797965
0,0,0.0698533138864499,SAE,0,0.0698533138864499
0,1,0.6848608838504057,SAE,1,0.6848608838504057
1,1,0.8254520896342094,SAE,1,0.8254520896342094
1,0,0.16139483532562465,SAE,0,0.16139483532562465
1,1,0.9547533009653628,SAE,1,0.9547533009653628
0,0,0.2308247621713654,SAE,0,0.2308247621713654
1,1,0.79753332528785,SAE,1,0.79753332528785
1,1,0.7524754968108792,AAE,1,0.7524754968108792
0,0,0.3570108748662635,SAE,0,0.3570108748662635
1,1,0.8610322800479314,SAE,1,0.8610322800479314
0,0,0.06134656478339257,SAE,0,0.06134656478339257
0,1,0.7326195631568432,AAE,1,0.7326195631568432
1,1,0.8136174574140073,SAE,1,0.8136174574140073
1,1,0.917362649915761,SAE,1,0.917362649915761
0,0,0.12840829631821055,SAE,0,0.12840829631821055
1,1,0.7490481619156881,SAE,1,0.7490481619156881
0,0,0.2404262920615487,SAE,0,0.2404262920615487
0,0,0.10963632356095651,SAE,0,0.10963632356095651
1,0,0.4059980553289295,AAE,0,0.4059980553289295
1,1,0.9148657561472484,AAE,1,0.9148657561472484
1,1,0.8654467534231612,SAE,1,0.8654467534231612
0,0,0.04499168987620143,SAE,0,0.04499168987620143
1,1,0.8933850000824266,SAE,1,0.8933850000824266
1,1,0.8972690087978248,AAE,1,0.8972690087978248
1,1,0.8230944655052482,SAE,1,0.8230944655052482
0,0,0.34036053620348067,AAE,0,0.34036053620348067
1,1,0.9235885701999621,AAE,1,0.9235885701999621
1,1,0.8207467800861665,SAE,1,0.8207467800861665
0,0,0.022489575717899918,SAE,0,0.022489575717899918
1,1,0.8927126416507452,AAE,1,0.8927126416507452
1,0,0.41490257775212996,SAE,0,0.41490257775212996
1,1,0.5247511635184294,SAE,1,0.5247511635184294
0,0,0.3087536477596694,SAE,0,0.3087536477596694
0,0,0.23109712357935633,SAE,0,0.23109712357935633
1,1,0.8519899308812005,AAE,1,0.8519899308812005
1,1,0.6159639597796828,SAE,1,0.6159639597796828
1,0,0.30916618126027506,SAE,0,0.30916618126027506
1,0,0.29146936885314173,SAE,0,0.29146936885314173
1,1,0.9278793965567858,SAE,1,0.9278793965567858
1,1,0.9491169185027039,SAE,1,0.9491169185027039
1,1,0.9552340103446882,SAE,1,0.9552340103446882
1,0,0.20769100578498825,SAE,0,0.20769100578498825
0,0,0.31951777766752115,SAE,0,0.31951777766752115
1,1,0.8679855683001837,SAE,1,0.8679855683001837
0,1,0.7226903355780597,SAE,1,0.7226903355780597
1,1,0.9200990475418382,SAE,1,0.9200990475418382
1,1,0.9279565219442214,SAE,1,0.9279565219442214
1,1,0.981239994632106,SAE,1,0.981239994632106
1,0,0.1536969060583234,SAE,0,0.1536969060583234
0,1,0.8960266131217337,SAE,1,0.8960266131217337
1,1,0.7617271014809169,AAE,1,0.7617271014809169
0,1,0.6327809584746195,SAE,1,0.6327809584746195
0,0,0.11323179569518596,SAE,0,0.11323179569518596
0,0,0.3165861566762967,SAE,0,0.3165861566762967
0,0,0.20738705699984156,SAE,0,0.20738705699984156
0,1,0.7124631930782497,SAE,1,0.7124631930782497
0,1,0.8684166085743527,AAE,1,0.8684166085743527
1,1,0.8171354623257244,SAE,1,0.8171354623257244
0,0,0.07568720759996236,SAE,0,0.07568720759996236
0,0,0.13516681341481296,SAE,0,0.13516681341481296
1,1,0.8489048241172613,SAE,1,0.8489048241172613
0,0,0.2514962776337583,SAE,0,0.2514962776337583
1,1,0.7850451521809635,SAE,1,0.7850451521809635
0,0,0.3851823198497165,SAE,0,0.3851823198497165
1,1,0.9387220309121374,SAE,1,0.9387220309121374
0,0,0.05324180128843584,SAE,0,0.05324180128843584
0,0,0.05937092794903182,SAE,0,0.05937092794903182
0,0,0.05256548757218726,SAE,0,0.05256548757218726
0,0,0.25771361742574184,SAE,0,0.25771361742574184
0,0,0.379457645375249,SAE,0,0.379457645375249
1,0,0.19722479389091394,SAE,0,0.19722479389091394
1,1,0.9725798119443823,SAE,1,0.9725798119443823
1,1,0.8246479079318013,SAE,1,0.8246479079318013
0,0,0.15596654495515888,SAE,0,0.15596654495515888
0,0,0.27169430148623014,SAE,0,0.27169430148623014
0,1,0.6116401665820471,SAE,1,0.6116401665820471
0,1,0.7717613501361955,SAE,1,0.7717613501361955
1,1,0.9514643377890623,SAE,1,0.9514643377890623
1,1,0.9622627491402805,SAE,1,0.9622627491402805
0,0,0.021822458512644752,SAE,0,0.021822458512644752
1,0,0.4052685391373374,SAE,0,0.4052685391373374
0,0,0.3170152183474247,SAE,0,0.3170152183474247
1,0,0.21618914755404617,SAE,0,0.21618914755404617
1,1,0.7864817403664285,SAE,1,0.7864817403664285
1,1,0.9362858217296097,SAE,1,0.9362858217296097
1,1,0.9796369655584252,SAE,1,0.9796369655584252
1,1,0.9560689274457302,AAE,1,0.9560689274457302
0,0,0.080739744548979,SAE,0,0.080739744548979
0,0,0.09340443128340911,SAE,0,0.09340443128340911
0,0,0.03676054841816472,SAE,0,0.03676054841816472
0,0,0.4654163197706798,SAE,0,0.4654163197706798
1,1,0.9609212960969331,SAE,1,0.9609212960969331
1,1,0.9461669082417489,AAE,1,0.9461669082417489
1,1,0.9390913876798703,SAE,1,0.9390913876798703
0,1,0.8910988584910284,SAE,1,0.8910988584910284
1,1,0.9698906444448028,AAE,1,0.9698906444448028
1,1,0.8725429707797542,AAE,1,0.8725429707797542
1,1,0.9647945451835295,AAE,1,0.9647945451835295
0,0,0.4761920618731611,SAE,0,0.4761920618731611
0,1,0.6221915587760012,SAE,1,0.6221915587760012
1,0,0.27692282014032243,SAE,0,0.27692282014032243
0,0,0.3880706273266007,SAE,0,0.3880706273266007
1,1,0.8689643381393701,SAE,1,0.8689643381393701
0,1,0.7857074827670767,SAE,1,0.7857074827670767
1,1,0.8481764000121748,SAE,1,0.8481764000121748
1,1,0.5325011044094197,SAE,1,0.5325011044094197
1,1,0.8894178601053725,SAE,1,0.8894178601053725
1,1,0.7259046065915377,SAE,1,0.7259046065915377
0,1,0.7531688611249012,SAE,1,0.7531688611249012
0,0,0.04219011812661982,AAE,0,0.04219011812661982
0,0,0.09412514145695247,SAE,0,0.09412514145695247
0,0,0.02644971039973476,SAE,0,0.02644971039973476
0,1,0.860673661020431,SAE,1,0.860673661020431
1,1,0.9245249501995357,SAE,1,0.9245249501995357
0,1,0.603861565165872,SAE,1,0.603861565165872
0,0,0.4026164212652137,AAE,0,0.4026164212652137
0,0,0.038450687862702185,SAE,0,0.038450687862702185
0,0,0.26906085037298483,SAE,0,0.26906085037298483
1,1,0.9501127660091472,AAE,1,0.9501127660091472
1,0,0.21259548792253807,AAE,0,0.21259548792253807
0,0,0.25091960318800854,SAE,0,0.25091960318800854
1,0,0.3278685718934803,SAE,0,0.3278685718934803
0,1,0.6421340244083791,SAE,1,0.6421340244083791
0,0,0.05842164268773335,SAE,0,0.05842164268773335
0,0,0.08283354249316238,SAE,0,0.08283354249316238
0,0,0.06985146844464508,SAE,0,0.06985146844464508
0,0,0.18792162454067984,SAE,0,0.18792162454067984
0,1,0.6997062195537777,SAE,1,0.6997062195537777
0,0,0.019464332585103553,SAE,0,0.019464332585103553
0,0,0.45703143759970993,SAE,0,0.45703143759970993
0,0,0.29086361335396843,SAE,0,0.29086361335396843
0,0,0.02024932533023155,SAE,0,0.02024932533023155
0,0,0.12587038422165017,SAE,0,0.12587038422165017
0,0,0.06633557436361681,SAE,0,0.06633557436361681
1,0,0.3757671360952405,SAE,0,0.3757671360952405
1,1,0.7019316293006695,SAE,1,0.7019316293006695
0,0,0.24030428245815308,SAE,0,0.24030428245815308
1,1,0.6547870308396695,SAE,1,0.6547870308396695
1,0,0.24209081187127948,AAE,0,0.24209081187127948
0,0,0.17675882489550496,SAE,0,0.17675882489550496
0,0,0.1582091039100586,SAE,0,0.1582091039100586
0,0,0.04110893308395399,SAE,0,0.04110893308395399
1,1,0.9073780650490881,SAE,1,0.9073780650490881
0,0,0.05557680534508816,SAE,0,0.05557680534508816
1,1,0.6636357819525657,AAE,1,0.6636357819525657
0,0,0.2707841379410859,SAE,0,0.2707841379410859
1,1,0.9275293601467228,SAE,1,0.9275293601467228
0,0,0.10740103092273526,SAE,0,0.10740103092273526
1,1,0.8579057667991398,SAE,1,0.8579057667991398
1,1,0.8359405882121994,SAE,1,0.8359405882121994
1,1,0.9599340713731578,AAE,1,0.9599340713731578
1,1,0.8840965891627017,SAE,1,0.8840965891627017
1,1,0.8812170962997606,SAE,1,0.8812170962997606
1,1,0.9031705269852395,AAE,1,0.9031705269852395
0,0,0.25445290458268005,SAE,0,0.25445290458268005
0,0,0.1749428466505039,SAE,0,0.1749428466505039
0,1,0.8095447490864441,AAE,1,0.8095447490864441
1,1,0.9606810216846715,SAE,1,0.9606810216846715
1,1,0.9609179654732867,AAE,1,0.9609179654732867
1,1,0.9407888641604576,SAE,1,0.9407888641604576
0,0,0.312451570363548,SAE,0,0.312451570363548
0,0,0.09686174414121822,SAE,0,0.09686174414121822
1,0,0.15858370346701048,SAE,0,0.15858370346701048
1,1,0.8262276274295973,SAE,1,0.8262276274295973
0,0,0.07454455201993974,SAE,0,0.07454455201993974
1,0,0.41532694080270416,SAE,0,0.41532694080270416
0,0,0.03357698847155829,SAE,0,0.03357698847155829
1,1,0.6407919448223633,SAE,1,0.6407919448223633
1,1,0.9842450077246059,AAE,1,0.9842450077246059
0,0,0.05069529533273746,SAE,0,0.05069529533273746
0,0,0.12134533893514839,SAE,0,0.12134533893514839
0,0,0.4158508284487475,AAE,0,0.4158508284487475
1,1,0.9063643276427764,SAE,1,0.9063643276427764
0,0,0.3600678861329169,SAE,0,0.3600678861329169
1,1,0.6861029732881585,SAE,1,0.6861029732881585
0,0,0.12972441687666758,SAE,0,0.12972441687666758
0,0,0.034148795573061566,SAE,0,0.034148795573061566
0,0,0.19765993419557548,SAE,0,0.19765993419557548
0,0,0.4980747337959489,SAE,0,0.4980747337959489
0,0,0.12084969102699233,SAE,0,0.12084969102699233
0,0,0.4252225998156487,SAE,0,0.4252225998156487
1,1,0.503752755983129,SAE,1,0.503752755983129
0,0,0.3657451123434946,SAE,0,0.3657451123434946
1,1,0.934132441990739,SAE,1,0.934132441990739
0,0,0.32448462542394585,SAE,0,0.32448462542394585
1,1,0.8850540044439186,SAE,1,0.8850540044439186
1,1,0.7772159977189018,SAE,1,0.7772159977189018
1,1,0.968121396104369,SAE,1,0.968121396104369
1,0,0.21592537581262417,SAE,0,0.21592537581262417
1,1,0.8587292022635838,SAE,1,0.8587292022635838
0,0,0.032199213880381654,SAE,0,0.032199213880381654
1,1,0.7996463761240178,SAE,1,0.7996463761240178
1,0,0.23130747319940834,AAE,0,0.23130747319940834
1,0,0.29562524372865046,SAE,0,0.29562524372865046
1,1,0.982466617324478,AAE,1,0.982466617324478
0,1,0.5774910522951628,SAE,1,0.5774910522951628
0,0,0.09203262401278434,SAE,0,0.09203262401278434
1,0,0.28302426981629136,SAE,0,0.28302426981629136
1,1,0.9696307881785042,SAE,1,0.9696307881785042
1,1,0.8063448628062987,SAE,1,0.8063448628062987
0,0,0.3422600963907473,SAE,0,0.3422600963907473
1,1,0.9723438224987647,AAE,1,0.9723438224987647
1,1,0.9270471422642298,SAE,1,0.9270471422642298
1,1,0.7095780417533633,AAE,1,0.7095780417533633
1,1,0.980754903596407,AAE,1,0.980754903596407
0,0,0.04100179581357939,SAE,0,0.04100179581357939
0,0,0.06236949926953271,SAE,0,0.06236949926953271
0,0,0.13554111135573302,SAE,0,0.13554111135573302
1,1,0.9082307262815689,AAE,1,0.9082307262815689
1,1,0.9541312885989162,AAE,1,0.9541312885989162
1,0,0.26241054269260405,SAE,0,0.26241054269260405
0,0,0.16112021873902227,SAE,0,0.16112021873902227
0,0,0.13836467706892971,SAE,0,0.13836467706892971
1,1,0.9444915643914205,SAE,1,0.9444915643914205
1,1,0.9197693342905513,SAE,1,0.9197693342905513
0,0,0.21643544361444433,SAE,0,0.21643544361444433
1,1,0.6735135419677533,SAE,1,0.6735135419677533
0,1,0.8197115111212923,AAE,1,0.8197115111212923
0,0,0.2972644537189371,SAE,0,0.2972644537189371
0,0,0.1157909367877627,SAE,0,0.1157909367877627
1,1,0.9565596775303514,SAE,1,0.9565596775303514
1,1,0.5960660934468022,SAE,1,0.5960660934468022
1,1,0.9519703543341866,SAE,1,0.9519703543341866
0,0,0.2103981622567016,SAE,0,0.2103981622567016
0,0,0.018578011486913848,SAE,0,0.018578011486913848
1,1,0.977295492403132,AAE,1,0.977295492403132
0,1,0.8114356229823821,SAE,1,0.8114356229823821
0,1,0.7041304052682218,SAE,1,0.7041304052682218
0,0,0.04607654737336944,SAE,0,0.04607654737336944
0,0,0.06084303553721033,SAE,0,0.06084303553721033
0,0,0.08440798937821155,SAE,0,0.08440798937821155
0,0,0.18585049554093036,SAE,0,0.18585049554093036
1,1,0.8843157622909911,SAE,1,0.8843157622909911
1,0,0.29261490757921826,AAE,0,0.29261490757921826
1,1,0.881083117586803,AAE,1,0.881083117586803
1,1,0.9020184809857791,SAE,1,0.9020184809857791
1,1,0.9640199441904715,SAE,1,0.9640199441904715
1,1,0.9813766087929883,SAE,1,0.9813766087929883
0,0,0.23903958520619076,SAE,0,0.23903958520619076
0,0,0.45205501323973213,SAE,0,0.45205501323973213
1,1,0.9626224549562271,SAE,1,0.9626224549562271
1,1,0.846528465252599,SAE,1,0.846528465252599
1,1,0.917995597221713,AAE,1,0.917995597221713
1,1,0.9670170580168962,SAE,1,0.9670170580168962
0,0,0.07284436864726539,SAE,0,0.07284436864726539
0,0,0.02314354923198574,SAE,0,0.02314354923198574
0,0,0.04129947769172391,SAE,0,0.04129947769172391
1,1,0.5756348877541941,SAE,1,0.5756348877541941
1,1,0.8577280613939113,SAE,1,0.8577280613939113
1,1,0.9244014151977821,AAE,1,0.9244014151977821
1,1,0.9516634447889126,SAE,1,0.9516634447889126
0,0,0.10708253859181588,SAE,0,0.10708253859181588
1,1,0.5188875571327183,SAE,1,0.5188875571327183
0,0,0.44249219371942106,SAE,0,0.44249219371942106
0,0,0.09596295078129136,SAE,0,0.09596295078129136
1,1,0.9690130136189786,SAE,1,0.9690130136189786
1,1,0.847065999649131,SAE,1,0.847065999649131
1,1,0.9537915917701961,SAE,1,0.9537915917701961
1,1,0.9063900844152419,SAE,1,0.9063900844152419
0,0,0.11742354725166944,SAE,0,0.11742354725166944
0,0,0.09822806623566874,SAE,0,0.09822806623566874
0,0,0.41393561935453665,SAE,0,0.41393561935453665
0,0,0.14878343404509337,SAE,0,0.14878343404509337
1,1,0.965293196122292,SAE,1,0.965293196122292
0,0,0.06991529755262259,SAE,0,0.06991529755262259
1,1,0.9525324769633016,SAE,1,0.9525324769633016
0,0,0.044931982923496934,SAE,0,0.044931982923496934
0,1,0.7900438895066298,SAE,1,0.7900438895066298
1,1,0.8652869219331528,AAE,1,0.8652869219331528
0,0,0.08290293649063088,SAE,0,0.08290293649063088
0,0,0.15678099495428657,SAE,0,0.15678099495428657
1,1,0.962308123175579,AAE,1,0.962308123175579
1,1,0.7815106136296831,SAE,1,0.7815106136296831
0,0,0.2930888687071669,SAE,0,0.2930888687071669
0,0,0.3312710269355549,SAE,0,0.3312710269355549
0,0,0.1720171880418949,SAE,0,0.1720171880418949
1,1,0.9828389441955471,AAE,1,0.9828389441955471
1,0,0.4416328317034918,SAE,0,0.4416328317034918
0,0,0.14623724450833608,SAE,0,0.14623724450833608
0,0,0.4566191949997732,SAE,0,0.4566191949997732
1,1,0.6489266293534642,SAE,1,0.6489266293534642
1,1,0.5862513479779525,SAE,1,0.5862513479779525
1,0,0.23771186801028363,SAE,0,0.23771186801028363
0,0,0.10114966215710722,SAE,0,0.10114966215710722
1,1,0.853382597738849,SAE,1,0.853382597738849
0,0,0.18904896318582948,SAE,0,0.18904896318582948
0,0,0.19113598464811743,SAE,0,0.19113598464811743
1,0,0.3804493649997647,SAE,0,0.3804493649997647
0,1,0.6518919463136751,SAE,1,0.6518919463136751
0,0,0.14340409424973988,SAE,0,0.14340409424973988
0,1,0.6499202737102467,SAE,1,0.6499202737102467
1,1,0.915979994631645,SAE,1,0.915979994631645
1,1,0.7234506907340885,SAE,1,0.7234506907340885
0,0,0.18774346408238796,SAE,0,0.18774346408238796
0,0,0.029696109029009016,SAE,0,0.029696109029009016
1,1,0.9498519817565508,SAE,1,0.9498519817565508
0,1,0.8990732429997916,SAE,1,0.8990732429997916
1,0,0.3253886536326259,AAE,0,0.3253886536326259
1,1,0.9449186513431368,SAE,1,0.9449186513431368
1,0,0.4707179558840228,AAE,0,0.4707179558840228
0,0,0.41154076779510324,SAE,0,0.41154076779510324
0,0,0.0716561475624486,SAE,0,0.0716561475624486
0,0,0.28023280255937444,SAE,0,0.28023280255937444
1,1,0.9435230385358777,AAE,1,0.9435230385358777
0,0,0.1176343814566857,SAE,0,0.1176343814566857
0,1,0.7821603029301399,SAE,1,0.7821603029301399
1,1,0.7562018509788868,SAE,1,0.7562018509788868
0,0,0.12453899366448241,SAE,0,0.12453899366448241
0,0,0.054659963776190014,SAE,0,0.054659963776190014
0,0,0.06417021849604838,SAE,0,0.06417021849604838
1,0,0.34779071001999057,SAE,0,0.34779071001999057
1,1,0.6130565229357267,AAE,1,0.6130565229357267
1,1,0.9276949573799239,AAE,1,0.9276949573799239
1,1,0.8942504724820926,SAE,1,0.8942504724820926
0,0,0.452006305250859,SAE,0,0.452006305250859
1,0,0.03809429720209634,SAE,0,0.03809429720209634
0,0,0.23282616183348012,SAE,0,0.23282616183348012
1,1,0.9602831828752756,AAE,1,0.9602831828752756
1,1,0.8383232415299398,SAE,1,0.8383232415299398
1,1,0.7460560370075324,SAE,1,0.7460560370075324
1,1,0.9646013109927886,SAE,1,0.9646013109927886
1,0,0.1992566607485452,SAE,0,0.1992566607485452
1,1,0.9689967176473794,AAE,1,0.9689967176473794
1,1,0.8604184913856443,SAE,1,0.8604184913856443
0,0,0.3814691996647788,SAE,0,0.3814691996647788
0,0,0.4466399013685052,SAE,0,0.4466399013685052
0,0,0.05473568204484194,SAE,0,0.05473568204484194
1,1,0.9000507330480318,AAE,1,0.9000507330480318
1,1,0.6186200295210735,SAE,1,0.6186200295210735
1,1,0.9719224085453391,AAE,1,0.9719224085453391
1,1,0.7432933820659758,SAE,1,0.7432933820659758
0,0,0.3939501937215372,SAE,0,0.3939501937215372
1,1,0.8879585230358986,SAE,1,0.8879585230358986
1,1,0.9561121487204229,SAE,1,0.9561121487204229
1,1,0.9391705901379099,AAE,1,0.9391705901379099
1,1,0.8292246064958986,AAE,1,0.8292246064958986
0,0,0.43175984363353564,SAE,0,0.43175984363353564
1,1,0.9337400965426556,SAE,1,0.9337400965426556
0,1,0.5278900384815517,SAE,1,0.5278900384815517
1,1,0.9454931454932347,SAE,1,0.9454931454932347
1,1,0.9774432058773759,AAE,1,0.9774432058773759
0,0,0.347755163194207,SAE,0,0.347755163194207
0,1,0.5455465777247942,SAE,1,0.5455465777247942
0,0,0.05763381080433958,SAE,0,0.05763381080433958
0,0,0.027160065706646152,SAE,0,0.027160065706646152
0,0,0.0593603379105265,SAE,0,0.0593603379105265
1,0,0.09771514441282267,SAE,0,0.09771514441282267
0,0,0.10643164018057542,SAE,0,0.10643164018057542
0,0,0.11692849797291707,SAE,0,0.11692849797291707
0,1,0.8704884777558279,SAE,1,0.8704884777558279
0,0,0.145820855862459,SAE,0,0.145820855862459
0,1,0.878194124054692,SAE,1,0.878194124054692
1,0,0.4051909689940843,SAE,0,0.4051909689940843
1,1,0.8591750882384163,AAE,1,0.8591750882384163
0,0,0.028963964052016702,SAE,0,0.028963964052016702
0,0,0.16574549315414705,SAE,0,0.16574549315414705
0,0,0.10692911156600989,SAE,0,0.10692911156600989
0,0,0.2205476558251174,SAE,0,0.2205476558251174
0,0,0.2969107911013153,SAE,0,0.2969107911013153
1,1,0.9235583454945453,SAE,1,0.9235583454945453
0,0,0.11309188631720155,SAE,0,0.11309188631720155
0,0,0.018991224706012166,SAE,0,0.018991224706012166
1,1,0.9643338019586248,AAE,1,0.9643338019586248
0,0,0.11701876592998967,SAE,0,0.11701876592998967
0,0,0.3038696347077596,SAE,0,0.3038696347077596
1,0,0.1279361432167471,SAE,0,0.1279361432167471
1,1,0.9726092977240632,SAE,1,0.9726092977240632
0,0,0.4534451446428787,SAE,0,0.4534451446428787
0,0,0.3631652897295447,SAE,0,0.3631652897295447
1,0,0.2878327811760136,SAE,0,0.2878327811760136
0,0,0.058980962846495066,SAE,0,0.058980962846495066
1,0,0.26834945010854466,SAE,0,0.26834945010854466
1,0,0.3526986924906986,SAE,0,0.3526986924906986
1,1,0.9524055377298123,AAE,1,0.9524055377298123
0,0,0.3803333889998153,SAE,0,0.3803333889998153
0,0,0.3413621285044364,SAE,0,0.3413621285044364
0,0,0.07122220813411269,SAE,0,0.07122220813411269
0,0,0.42640283889837155,SAE,0,0.42640283889837155
0,0,0.07135602379532244,SAE,0,0.07135602379532244
1,1,0.9546086324124994,SAE,1,0.9546086324124994
0,0,0.22434228532977024,SAE,0,0.22434228532977024
1,1,0.9205468332954874,SAE,1,0.9205468332954874
0,1,0.8910859386401329,SAE,1,0.8910859386401329
0,0,0.09750458431182206,SAE,0,0.09750458431182206
0,0,0.49157598278756054,SAE,0,0.49157598278756054
1,1,0.9626506590727523,SAE,1,0.9626506590727523
0,0,0.14566935045808554,SAE,0,0.14566935045808554
1,1,0.581843851341751,SAE,1,0.581843851341751
1,1,0.5816478339920556,SAE,1,0.5816478339920556
0,0,0.3457043760161463,SAE,0,0.3457043760161463
1,1,0.6649758832761367,SAE,1,0.6649758832761367
0,0,0.034518877721953355,SAE,0,0.034518877721953355
0,0,0.1068733266236171,SAE,0,0.1068733266236171
0,1,0.6482837714775124,SAE,1,0.6482837714775124
0,0,0.05634692430802942,SAE,0,0.05634692430802942
0,0,0.2678077031196564,SAE,0,0.2678077031196564
1,0,0.24431482909637217,AAE,0,0.24431482909637217
0,0,0.1036813083405589,SAE,0,0.1036813083405589
0,0,0.3015472424784632,SAE,0,0.3015472424784632
0,0,0.39150575760186235,SAE,0,0.39150575760186235
1,0,0.2486427905441058,AAE,0,0.2486427905441058
1,1,0.8203385130091481,SAE,1,0.8203385130091481
1,1,0.9583625160037971,SAE,1,0.9583625160037971
1,1,0.8889577582032434,SAE,1,0.8889577582032434
1,1,0.9137210699359348,AAE,1,0.9137210699359348
1,1,0.5011809578152855,SAE,1,0.5011809578152855
1,1,0.961691121779007,SAE,1,0.961691121779007
1,1,0.8344443381869359,SAE,1,0.8344443381869359
1,1,0.8693501009642188,SAE,1,0.8693501009642188
1,1,0.9310611192332766,SAE,1,0.9310611192332766
0,0,0.0824008681279534,SAE,0,0.0824008681279534
1,1,0.5600283398288877,SAE,1,0.5600283398288877
1,1,0.8744389714597667,SAE,1,0.8744389714597667
0,0,0.033457147491586306,SAE,0,0.033457147491586306
0,0,0.46434888365604,SAE,0,0.46434888365604
0,1,0.8337460924821544,SAE,1,0.8337460924821544
1,1,0.9714841611570929,SAE,1,0.9714841611570929
0,0,0.04272536665972371,SAE,0,0.04272536665972371
1,1,0.9527814442193988,SAE,1,0.9527814442193988
0,0,0.06466396995141392,SAE,0,0.06466396995141392
1,1,0.7379719354151849,SAE,1,0.7379719354151849
0,0,0.4116876085639086,SAE,0,0.4116876085639086
0,0,0.27576320254519876,SAE,0,0.27576320254519876
1,1,0.7212486668910738,SAE,1,0.7212486668910738
0,0,0.1821539345268914,SAE,0,0.1821539345268914
0,1,0.761012508663167,SAE,1,0.761012508663167
1,1,0.8519788807185071,SAE,1,0.8519788807185071
0,0,0.04548083417401347,SAE,0,0.04548083417401347
1,0,0.3085543900570953,SAE,0,0.3085543900570953
0,0,0.3220448566114579,SAE,0,0.3220448566114579
0,0,0.09075847417911531,SAE,0,0.09075847417911531
0,0,0.04900832870661941,SAE,0,0.04900832870661941
0,0,0.18590035571348346,SAE,0,0.18590035571348346
0,0,0.10531835933703597,SAE,0,0.10531835933703597
1,1,0.9619466037075295,SAE,1,0.9619466037075295
0,1,0.7255594015808289,SAE,1,0.7255594015808289
0,0,0.3814368899699686,SAE,0,0.3814368899699686
0,1,0.9597048736174022,SAE,1,0.9597048736174022
0,0,0.04490635059568033,SAE,0,0.04490635059568033
0,0,0.3708543888274842,SAE,0,0.3708543888274842
1,1,0.9765779593355959,AAE,1,0.9765779593355959
0,0,0.35264666266380407,SAE,0,0.35264666266380407
0,0,0.030819016402764302,SAE,0,0.030819016402764302
0,0,0.25163621500419747,SAE,0,0.25163621500419747
0,0,0.20341210306961752,SAE,0,0.20341210306961752
0,0,0.32035034729140804,SAE,0,0.32035034729140804
0,1,0.5218800016076305,SAE,1,0.5218800016076305
0,0,0.1754029278450621,SAE,0,0.1754029278450621
1,1,0.9275758716554345,SAE,1,0.9275758716554345
1,1,0.8801512904395373,SAE,1,0.8801512904395373
0,0,0.4152451785781237,SAE,0,0.4152451785781237
1,1,0.918884395816791,AAE,1,0.918884395816791
0,0,0.10279712271506253,SAE,0,0.10279712271506253
1,1,0.8830276158946776,SAE,1,0.8830276158946776
0,0,0.19166156675066537,SAE,0,0.19166156675066537
0,0,0.07920359271351406,SAE,0,0.07920359271351406
0,1,0.7241246703020547,SAE,1,0.7241246703020547
0,0,0.4381556103175076,SAE,0,0.4381556103175076
0,1,0.5846268820207032,SAE,1,0.5846268820207032
0,0,0.056885233836650215,SAE,0,0.056885233836650215
1,1,0.9200468162977241,SAE,1,0.9200468162977241
0,0,0.2302401152167561,SAE,0,0.2302401152167561
0,1,0.7212872786571487,SAE,1,0.7212872786571487
1,0,0.4868389437753169,SAE,0,0.4868389437753169
0,0,0.33735757729617166,SAE,0,0.33735757729617166
0,0,0.08109018192189967,SAE,0,0.08109018192189967
0,1,0.571358805782712,SAE,1,0.571358805782712
1,0,0.06557899401576481,SAE,0,0.06557899401576481
1,1,0.8834428783795891,AAE,1,0.8834428783795891
0,0,0.4252164586505898,SAE,0,0.4252164586505898
1,1,0.8966741858247088,SAE,1,0.8966741858247088
0,0,0.3464629431733183,SAE,0,0.3464629431733183
1,0,0.34589745688064955,SAE,0,0.34589745688064955
0,1,0.839016286858289,SAE,1,0.839016286858289
1,1,0.9350734689037598,AAE,1,0.9350734689037598
1,1,0.8808949575304444,SAE,1,0.8808949575304444
0,0,0.049587603647352825,SAE,0,0.049587603647352825
1,1,0.8419471471920347,SAE,1,0.8419471471920347
1,1,0.8107490178591688,SAE,1,0.8107490178591688
1,0,0.3733014981778309,SAE,0,0.3733014981778309
0,0,0.12953258055489472,SAE,0,0.12953258055489472
0,0,0.2162290939666365,SAE,0,0.2162290939666365
0,0,0.12182331767840508,SAE,0,0.12182331767840508
1,1,0.897004949468451,AAE,1,0.897004949468451
1,1,0.9421608047661543,AAE,1,0.9421608047661543
1,1,0.8541718150824836,SAE,1,0.8541718150824836
0,0,0.06606795770359922,SAE,0,0.06606795770359922
1,0,0.31859965865633755,SAE,0,0.31859965865633755
1,1,0.9202587292532733,AAE,1,0.9202587292532733
0,0,0.02535521046421353,SAE,0,0.02535521046421353
1,0,0.38544468413844074,AAE,0,0.38544468413844074
1,1,0.9751718840847566,SAE,1,0.9751718840847566
0,1,0.5093906019858628,SAE,1,0.5093906019858628
1,0,0.2861596963667151,SAE,0,0.2861596963667151
1,1,0.7189821939650158,SAE,1,0.7189821939650158
0,0,0.15062994915357358,SAE,0,0.15062994915357358
0,0,0.31745413299610437,SAE,0,0.31745413299610437
0,1,0.5117052255060701,SAE,1,0.5117052255060701
1,1,0.7271203432480853,SAE,1,0.7271203432480853
1,1,0.9395039161148027,AAE,1,0.9395039161148027
1,1,0.9454727507996026,SAE,1,0.9454727507996026
1,1,0.9651937479938858,AAE,1,0.9651937479938858
0,0,0.4559573321286284,SAE,0,0.4559573321286284
0,0,0.26813154115033583,SAE,0,0.26813154115033583
0,1,0.6949648743838459,SAE,1,0.6949648743838459
0,1,0.7072411360228027,SAE,1,0.7072411360228027
0,0,0.27054424572912217,SAE,0,0.27054424572912217
0,0,0.08309565985832444,SAE,0,0.08309565985832444
1,1,0.632128362926219,SAE,1,0.632128362926219
1,1,0.5158095249649798,SAE,1,0.5158095249649798
0,0,0.18122842225230984,SAE,0,0.18122842225230984
1,1,0.7482146323267759,SAE,1,0.7482146323267759
0,1,0.6403347469032193,SAE,1,0.6403347469032193
1,1,0.8742364924978131,SAE,1,0.8742364924978131
0,0,0.019599112717951696,SAE,0,0.019599112717951696
0,0,0.04910397264954959,SAE,0,0.04910397264954959
0,0,0.1070952094270129,SAE,0,0.1070952094270129
0,0,0.4623924066087087,SAE,0,0.4623924066087087
1,1,0.9566515522309997,SAE,1,0.9566515522309997
0,1,0.5761648937826096,SAE,1,0.5761648937826096
1,1,0.9551193208087504,AAE,1,0.9551193208087504
1,1,0.8939834376741478,SAE,1,0.8939834376741478
1,1,0.9755114713115092,SAE,1,0.9755114713115092
0,1,0.7281852939788941,SAE,1,0.7281852939788941
0,0,0.036962606573612056,SAE,0,0.036962606573612056
1,1,0.8707861599041516,AAE,1,0.8707861599041516
0,0,0.026372583049080967,SAE,0,0.026372583049080967
1,1,0.9703587274550726,SAE,1,0.9703587274550726
0,1,0.5166446217211054,SAE,1,0.5166446217211054
1,1,0.5419604423219465,AAE,1,0.5419604423219465
1,0,0.3525919942040293,AAE,0,0.3525919942040293
0,0,0.18864918044915197,SAE,0,0.18864918044915197
0,0,0.062299377583121804,SAE,0,0.062299377583121804
1,1,0.7954367605024122,SAE,1,0.7954367605024122
0,0,0.3497628872320663,SAE,0,0.3497628872320663
1,0,0.2164878838528229,SAE,0,0.2164878838528229
0,0,0.16614131258240103,SAE,0,0.16614131258240103
0,0,0.0870450424766828,SAE,0,0.0870450424766828
1,1,0.9042622292710489,SAE,1,0.9042622292710489
1,1,0.8396262050432935,AAE,1,0.8396262050432935
0,0,0.17825246294641184,SAE,0,0.17825246294641184
1,0,0.1976730498842235,SAE,0,0.1976730498842235
0,1,0.6418012825134721,SAE,1,0.6418012825134721
1,1,0.5813979354183008,SAE,1,0.5813979354183008
0,0,0.11939428901723252,AAE,0,0.11939428901723252
0,0,0.08095767695783197,SAE,0,0.08095767695783197
0,0,0.22501224112330187,SAE,0,0.22501224112330187
0,0,0.3674917466235108,SAE,0,0.3674917466235108
1,0,0.11130059631025029,SAE,0,0.11130059631025029
1,1,0.8453512610529108,AAE,1,0.8453512610529108
0,0,0.07120438489383694,SAE,0,0.07120438489383694
1,0,0.2789307745569602,SAE,0,0.2789307745569602
1,0,0.45144261058055,SAE,0,0.45144261058055
0,0,0.1596888846400463,SAE,0,0.1596888846400463
0,0,0.19176203033946806,SAE,0,0.19176203033946806
0,0,0.1928893861869754,SAE,0,0.1928893861869754
0,0,0.02260527035220703,SAE,0,0.02260527035220703
1,1,0.9100373619093042,AAE,1,0.9100373619093042
1,1,0.7936453921136977,AAE,1,0.7936453921136977
0,0,0.11890415831531653,SAE,0,0.11890415831531653
1,1,0.9802106739648451,SAE,1,0.9802106739648451
0,0,0.06445363358729368,SAE,0,0.06445363358729368
0,0,0.1972700244317268,SAE,0,0.1972700244317268
0,0,0.05264586064406179,SAE,0,0.05264586064406179
0,0,0.11451579403715413,SAE,0,0.11451579403715413
1,1,0.8477876637448739,SAE,1,0.8477876637448739
1,0,0.320245589663087,SAE,0,0.320245589663087
1,0,0.0848047235389471,SAE,0,0.0848047235389471
1,1,0.945924873911021,SAE,1,0.945924873911021
1,1,0.8613799545954918,SAE,1,0.8613799545954918
1,0,0.23520864770883462,SAE,0,0.23520864770883462
1,1,0.6690156253204057,SAE,1,0.6690156253204057
0,0,0.28247646648326513,SAE,0,0.28247646648326513
0,1,0.816883072299833,SAE,1,0.816883072299833
1,1,0.9768312288771361,AAE,1,0.9768312288771361
0,0,0.3831222821706428,SAE,0,0.3831222821706428
1,1,0.9570585829695691,AAE,1,0.9570585829695691
1,1,0.9744279322959358,AAE,1,0.9744279322959358
0,1,0.5551787941632923,SAE,1,0.5551787941632923
1,1,0.8589081940768482,SAE,1,0.8589081940768482
0,0,0.0472150321137678,SAE,0,0.0472150321137678
1,1,0.8603919375032228,AAE,1,0.8603919375032228
1,1,0.8775672841470329,SAE,1,0.8775672841470329
1,1,0.9011659950364117,SAE,1,0.9011659950364117
0,0,0.15028146726707833,SAE,0,0.15028146726707833
1,1,0.5474323530581446,SAE,1,0.5474323530581446
1,1,0.9262221192532895,AAE,1,0.9262221192532895
1,1,0.9241845924749558,SAE,1,0.9241845924749558
1,1,0.8828698686731573,SAE,1,0.8828698686731573
1,1,0.757934660571498,SAE,1,0.757934660571498
0,0,0.038423223480169647,SAE,0,0.038423223480169647
1,1,0.9527817864215155,AAE,1,0.9527817864215155
0,0,0.038527239910274645,SAE,0,0.038527239910274645
0,1,0.8536229485448492,AAE,1,0.8536229485448492
0,0,0.16702900618062985,AAE,0,0.16702900618062985
0,0,0.10700410287010614,SAE,0,0.10700410287010614
0,0,0.07007650150700899,SAE,0,0.07007650150700899
1,1,0.882467149278664,SAE,1,0.882467149278664
1,0,0.381802820423332,SAE,0,0.381802820423332
0,0,0.41235538709150893,SAE,0,0.41235538709150893
0,1,0.7792730770814374,SAE,1,0.7792730770814374
1,1,0.7547663109045151,SAE,1,0.7547663109045151
0,0,0.37316900929779245,AAE,0,0.37316900929779245
1,1,0.8009946334215386,SAE,1,0.8009946334215386
1,1,0.6800208222291996,SAE,1,0.6800208222291996
1,1,0.9050341289736955,AAE,1,0.9050341289736955
0,0,0.04485301243209009,SAE,0,0.04485301243209009
1,1,0.6366325565937615,SAE,1,0.6366325565937615
0,0,0.14508833408194982,SAE,0,0.14508833408194982
0,1,0.7353030307667888,SAE,1,0.7353030307667888
0,0,0.2581924502152323,SAE,0,0.2581924502152323
0,0,0.08734381663831692,SAE,0,0.08734381663831692
0,1,0.6690431600039939,SAE,1,0.6690431600039939
1,1,0.9157402252870246,AAE,1,0.9157402252870246
0,0,0.1633078957045144,SAE,0,0.1633078957045144
0,0,0.04822668487891524,SAE,0,0.04822668487891524
1,1,0.5333903817715033,SAE,1,0.5333903817715033
0,1,0.637449052638975,SAE,1,0.637449052638975
0,0,0.12648171901418676,SAE,0,0.12648171901418676
1,1,0.9319734064100744,SAE,1,0.9319734064100744
1,1,0.8314268485497445,SAE,1,0.8314268485497445
0,0,0.2673486087982499,SAE,0,0.2673486087982499
0,0,0.05551530354317343,SAE,0,0.05551530354317343
0,0,0.06696384391748174,SAE,0,0.06696384391748174
1,1,0.7195876892855376,AAE,1,0.7195876892855376
1,1,0.9679839913203667,AAE,1,0.9679839913203667
1,1,0.7027636576644298,SAE,1,0.7027636576644298
0,0,0.34567356376991776,SAE,0,0.34567356376991776
1,1,0.9068416220653738,SAE,1,0.9068416220653738
0,0,0.03684699466705974,SAE,0,0.03684699466705974
0,1,0.9562002403861127,AAE,1,0.9562002403861127
0,0,0.021714280836103782,SAE,0,0.021714280836103782
1,1,0.9386499803532501,SAE,1,0.9386499803532501
1,1,0.934235066558521,SAE,1,0.934235066558521
1,0,0.22300731238114693,AAE,0,0.22300731238114693
0,0,0.0559348450410015,SAE,0,0.0559348450410015
1,1,0.7229116713852206,SAE,1,0.7229116713852206
1,1,0.7157014671869527,SAE,1,0.7157014671869527
0,0,0.46727491626700624,SAE,0,0.46727491626700624
1,0,0.12226552984020868,SAE,0,0.12226552984020868
0,1,0.8482784458729189,SAE,1,0.8482784458729189
0,0,0.2855952892870164,SAE,0,0.2855952892870164
1,0,0.15892932607449897,AAE,0,0.15892932607449897
1,1,0.7196012884341522,SAE,1,0.7196012884341522
1,1,0.9831609929763188,AAE,1,0.9831609929763188
1,1,0.9167376200779727,AAE,1,0.9167376200779727
1,1,0.9144587632670566,SAE,1,0.9144587632670566
0,0,0.2778526200009867,SAE,0,0.2778526200009867
0,0,0.17258536152541815,SAE,0,0.17258536152541815
0,0,0.18253553910196282,SAE,0,0.18253553910196282
1,1,0.9487960096292589,AAE,1,0.9487960096292589
0,0,0.3866014465460647,SAE,0,0.3866014465460647
0,1,0.5214639368997482,SAE,1,0.5214639368997482
0,0,0.042783858589199586,SAE,0,0.042783858589199586
1,1,0.9455397623257314,AAE,1,0.9455397623257314
0,0,0.4989832714746563,AAE,0,0.4989832714746563
0,1,0.8386579948301234,SAE,1,0.8386579948301234
0,0,0.12829737470130928,SAE,0,0.12829737470130928
1,1,0.9217509850901424,AAE,1,0.9217509850901424
1,1,0.7392661548086406,SAE,1,0.7392661548086406
0,0,0.08180851095741402,SAE,0,0.08180851095741402
0,0,0.1817690158373753,SAE,0,0.1817690158373753
1,1,0.9091976754065805,SAE,1,0.9091976754065805
0,0,0.173478501041408,SAE,0,0.173478501041408
0,0,0.34226846477954154,SAE,0,0.34226846477954154
0,0,0.403521281076375,SAE,0,0.403521281076375
0,0,0.02462147754411488,SAE,0,0.02462147754411488
0,0,0.14313198839225055,SAE,0,0.14313198839225055
1,1,0.9096014145655819,AAE,1,0.9096014145655819
1,1,0.604801328667943,SAE,1,0.604801328667943
0,0,0.1998178358662902,SAE,0,0.1998178358662902
0,1,0.8627202811588679,SAE,1,0.8627202811588679
1,1,0.9494872036350912,SAE,1,0.9494872036350912
0,0,0.09191866229373497,SAE,0,0.09191866229373497
0,0,0.18031387549327765,SAE,0,0.18031387549327765
0,0,0.017407218209488286,SAE,0,0.017407218209488286
0,0,0.04586905383385117,SAE,0,0.04586905383385117
1,1,0.8648453713018078,SAE,1,0.8648453713018078
1,0,0.33936208879478197,SAE,0,0.33936208879478197
1,1,0.8008809228452776,AAE,1,0.8008809228452776
0,0,0.10170057438082322,SAE,0,0.10170057438082322
0,0,0.10226568119984819,SAE,0,0.10226568119984819
0,0,0.1598379936197242,SAE,0,0.1598379936197242
1,1,0.968622378946028,AAE,1,0.968622378946028
0,0,0.27655656444543025,SAE,0,0.27655656444543025
1,1,0.9589235396446839,AAE,1,0.9589235396446839
0,0,0.28198134127752383,SAE,0,0.28198134127752383
1,1,0.5224167774371957,SAE,1,0.5224167774371957
1,1,0.940074309168848,SAE,1,0.940074309168848
1,1,0.9518636583016574,AAE,1,0.9518636583016574
0,0,0.12602034072925078,SAE,0,0.12602034072925078
0,0,0.025621190180104197,SAE,0,0.025621190180104197
0,0,0.052913632925130315,SAE,0,0.052913632925130315
0,0,0.3222933686623873,SAE,0,0.3222933686623873
1,0,0.34525243432137753,SAE,0,0.34525243432137753
0,0,0.11635051768044102,SAE,0,0.11635051768044102
0,0,0.3020915682422675,SAE,0,0.3020915682422675
1,1,0.528160746276257,AAE,1,0.528160746276257
1,1,0.7307902467255569,AAE,1,0.7307902467255569
0,0,0.08176994900780064,SAE,0,0.08176994900780064
0,0,0.04603227942996386,SAE,0,0.04603227942996386
0,0,0.03807894254685743,SAE,0,0.03807894254685743
1,1,0.9699197153657412,AAE,1,0.9699197153657412
0,0,0.1891921864686075,SAE,0,0.1891921864686075
1,1,0.92286632467766,SAE,1,0.92286632467766
0,1,0.7017910005924922,AAE,1,0.7017910005924922
1,1,0.7813324749689934,SAE,1,0.7813324749689934
0,0,0.047156772241106724,SAE,0,0.047156772241106724
1,1,0.7783688842022115,AAE,1,0.7783688842022115
0,1,0.5120912408823802,SAE,1,0.5120912408823802
0,0,0.1065124025091227,SAE,0,0.1065124025091227
1,1,0.9330620028164573,AAE,1,0.9330620028164573
1,0,0.2270384777725933,AAE,0,0.2270384777725933
1,1,0.9321486796002183,AAE,1,0.9321486796002183
0,1,0.8312972752650288,SAE,1,0.8312972752650288
0,0,0.16972631256510828,AAE,0,0.16972631256510828
0,0,0.3356262375296258,SAE,0,0.3356262375296258
0,1,0.6054911333945935,SAE,1,0.6054911333945935
